"","assembly","nuccore","rae1_200","rae1_400","rae1_800","hrpA","assembly_name","organism_name","assembly_level","assembly_stats_contig_n50","assembly_stats_number_of_scaffolds","check_m_marker_set","check_m_completeness","check_m_contamination","tax_id","organism","domain.x","domain.y","phylum","class","order","family","genus","species"
"1","GCF_048300925.1","NZ_CP133759.1",FALSE,FALSE,FALSE,FALSE,"TTP_v4","Thermithiobacillus tepidarius DSM 3134","Complete Genome",2989371,1,"Acidithiobacillales",99.9,1.18,1123368,"cellular organisms","Bacteria",NA,"Acidithiobacillia","Acidithiobacillia","Acidithiobacillales","Thermithiobacillaceae","Thermithiobacillus","Thermithiobacillus tepidarius;Thermithiobacillus tepidarius DSM 3134"
"2","GCF_018304825.1","NZ_CP072648.1;NZ_CP072649.1",FALSE,FALSE,FALSE,FALSE,"ASM1830482v1","Chloracidobacterium validum","Complete Genome",2659040,2,"Acidobacteriaceae",84.15,5.18,2821543,NA,NA,"Bacteria","Acidobacteriota","Blastocatellia","Chloracidobacteriales","Chloracidobacteriaceae","Chloracidobacterium","Chloracidobacterium validum"
"3","GCF_026627425.1","NZ_JAPNLH010000010.1;NZ_JAPNLH010000011.1;NZ_JAPNLH010000012.1;NZ_JAPNLH010000013.1;NZ_JAPNLH010000014.1;NZ_JAPNLH010000015.1;NZ_JAPNLH010000016.1;NZ_JAPNLH010000017.1;NZ_JAPNLH010000018.1;NZ_JAPNLH010000019.1;NZ_JAPNLH010000001.1;NZ_JAPNLH010000020.1;NZ_JAPNLH010000021.1;NZ_JAPNLH010000022.1;NZ_JAPNLH010000023.1;NZ_JAPNLH010000024.1;NZ_JAPNLH010000025.1;NZ_JAPNLH010000026.1;NZ_JAPNLH010000027.1;NZ_JAPNLH010000028.1;NZ_JAPNLH010000029.1;NZ_JAPNLH010000002.1;NZ_JAPNLH010000030.1;NZ_JAPNLH010000031.1;NZ_JAPNLH010000032.1;NZ_JAPNLH010000033.1;NZ_JAPNLH010000034.1;NZ_JAPNLH010000035.1;NZ_JAPNLH010000036.1;NZ_JAPNLH010000037.1;NZ_JAPNLH010000038.1;NZ_JAPNLH010000039.1;NZ_JAPNLH010000003.1;NZ_JAPNLH010000040.1;NZ_JAPNLH010000041.1;NZ_JAPNLH010000042.1;NZ_JAPNLH010000043.1;NZ_JAPNLH010000044.1;NZ_JAPNLH010000045.1;NZ_JAPNLH010000046.1;NZ_JAPNLH010000047.1;NZ_JAPNLH010000048.1;NZ_JAPNLH010000049.1;NZ_JAPNLH010000004.1;NZ_JAPNLH010000050.1;NZ_JAPNLH010000051.1;NZ_JAPNLH010000052.1;NZ_JAPNLH010000053.1;NZ_JAPNLH010000054.1;NZ_JAPNLH010000055.1;NZ_JAPNLH010000056.1;NZ_JAPNLH010000057.1;NZ_JAPNLH010000058.1;NZ_JAPNLH010000059.1;NZ_JAPNLH010000005.1;NZ_JAPNLH010000060.1;NZ_JAPNLH010000061.1;NZ_JAPNLH010000062.1;NZ_JAPNLH010000063.1;NZ_JAPNLH010000064.1;NZ_JAPNLH010000065.1;NZ_JAPNLH010000066.1;NZ_JAPNLH010000067.1;NZ_JAPNLH010000068.1;NZ_JAPNLH010000069.1;NZ_JAPNLH010000006.1;NZ_JAPNLH010000070.1;NZ_JAPNLH010000071.1;NZ_JAPNLH010000072.1;NZ_JAPNLH010000007.1;NZ_JAPNLH010000008.1;NZ_JAPNLH010000009.1",FALSE,FALSE,FALSE,TRUE,"ASM2662742v1","Arthrobacter endolithicus","Scaffold",175551,72,"Arthrobacter",97.8,1.58,2996697,"cellular organisms","Bacteria",NA,"Actinobacteriota","Actinomycetota","Actinomycetes","Micrococcales","Micrococcaceae","Arthrobacter;unclassified Arthrobacter;Arthrobacter sp. H14-L1"
"4","GCF_027498475.1","NZ_JAPZLN010000010.1;NZ_JAPZLN010000011.1;NZ_JAPZLN010000012.1;NZ_JAPZLN010000013.1;NZ_JAPZLN010000014.1;NZ_JAPZLN010000015.1;NZ_JAPZLN010000016.1;NZ_JAPZLN010000017.1;NZ_JAPZLN010000018.1;NZ_JAPZLN010000001.1;NZ_JAPZLN010000019.1;NZ_JAPZLN010000020.1;NZ_JAPZLN010000021.1;NZ_JAPZLN010000022.1;NZ_JAPZLN010000002.1;NZ_JAPZLN010000003.1;NZ_JAPZLN010000004.1;NZ_JAPZLN010000005.1;NZ_JAPZLN010000006.1;NZ_JAPZLN010000007.1;NZ_JAPZLN010000008.1;NZ_JAPZLN010000009.1",FALSE,FALSE,FALSE,FALSE,"ASM2749847v1","Agrobacterium salinitolerans","Contig",714589,22,"Agrobacterium",99.71,1.39,1183413,"cellular organisms","Bacteria",NA,"Alphaproteobacteria","Alphaproteobacteria","Hyphomicrobiales","Rhizobiaceae","Rhizobium/Agrobacterium group","Agrobacterium;Agrobacterium salinitolerans"
"5","GCF_009192995.1","NZ_SDID01000001.1;NZ_SDID01000010.1;NZ_SDID01000011.1;NZ_SDID01000012.1;NZ_SDID01000013.1;NZ_SDID01000014.1;NZ_SDID01000015.1;NZ_SDID01000016.1;NZ_SDID01000017.1;NZ_SDID01000018.1;NZ_SDID01000019.1;NZ_SDID01000002.1;NZ_SDID01000020.1;NZ_SDID01000021.1;NZ_SDID01000022.1;NZ_SDID01000023.1;NZ_SDID01000024.1;NZ_SDID01000025.1;NZ_SDID01000026.1;NZ_SDID01000027.1;NZ_SDID01000028.1;NZ_SDID01000029.1;NZ_SDID01000003.1;NZ_SDID01000030.1;NZ_SDID01000031.1;NZ_SDID01000032.1;NZ_SDID01000033.1;NZ_SDID01000034.1;NZ_SDID01000035.1;NZ_SDID01000036.1;NZ_SDID01000037.1;NZ_SDID01000038.1;NZ_SDID01000039.1;NZ_SDID01000004.1;NZ_SDID01000040.1;NZ_SDID01000041.1;NZ_SDID01000042.1;NZ_SDID01000043.1;NZ_SDID01000044.1;NZ_SDID01000045.1;NZ_SDID01000046.1;NZ_SDID01000047.1;NZ_SDID01000048.1;NZ_SDID01000049.1;NZ_SDID01000005.1;NZ_SDID01000050.1;NZ_SDID01000051.1;NZ_SDID01000052.1;NZ_SDID01000006.1;NZ_SDID01000007.1;NZ_SDID01000008.1;NZ_SDID01000009.1",FALSE,FALSE,FALSE,FALSE,"ASM919299v1","Sulfurimonas indica","Contig",108919,52,"Sulfurimonas",95.53,3.7,2508707,"cellular organisms","Bacteria",NA,"Aquificota + Campylobacterota + Deferribacterota","Epsilonproteobacteria","Campylobacterales","Thiovulaceae","Sulfurimonas","Sulfurimonas indica"
"6","GCF_046000445.1","NZ_JBELPZ010000010.1;NZ_JBELPZ010000011.1;NZ_JBELPZ010000012.1;NZ_JBELPZ010000013.1;NZ_JBELPZ010000014.1;NZ_JBELPZ010000015.1;NZ_JBELPZ010000016.1;NZ_JBELPZ010000017.1;NZ_JBELPZ010000018.1;NZ_JBELPZ010000019.1;NZ_JBELPZ010000001.1;NZ_JBELPZ010000020.1;NZ_JBELPZ010000021.1;NZ_JBELPZ010000022.1;NZ_JBELPZ010000023.1;NZ_JBELPZ010000024.1;NZ_JBELPZ010000025.1;NZ_JBELPZ010000026.1;NZ_JBELPZ010000027.1;NZ_JBELPZ010000028.1;NZ_JBELPZ010000029.1;NZ_JBELPZ010000002.1;NZ_JBELPZ010000030.1;NZ_JBELPZ010000031.1;NZ_JBELPZ010000032.1;NZ_JBELPZ010000033.1;NZ_JBELPZ010000034.1;NZ_JBELPZ010000035.1;NZ_JBELPZ010000036.1;NZ_JBELPZ010000037.1;NZ_JBELPZ010000038.1;NZ_JBELPZ010000039.1;NZ_JBELPZ010000003.1;NZ_JBELPZ010000040.1;NZ_JBELPZ010000041.1;NZ_JBELPZ010000042.1;NZ_JBELPZ010000043.1;NZ_JBELPZ010000044.1;NZ_JBELPZ010000045.1;NZ_JBELPZ010000046.1;NZ_JBELPZ010000047.1;NZ_JBELPZ010000004.1;NZ_JBELPZ010000005.1;NZ_JBELPZ010000006.1;NZ_JBELPZ010000007.1;NZ_JBELPZ010000008.1;NZ_JBELPZ010000009.1",FALSE,FALSE,FALSE,FALSE,"ASM4600044v1","Flavobacterium rhizosphaerae","Scaffold",175129,47,"Flavobacterium",99.22,0.47,3163298,NA,NA,"Bacteria","Bacteroidota","Flavobacteriia","Flavobacteriales","Flavobacteriaceae","Flavobacterium","Flavobacterium rhizosphaerae"
"7","GCF_024158925.1","NZ_JAMYWC010000001.1;NZ_JAMYWC010000010.1;NZ_JAMYWC010000011.1;NZ_JAMYWC010000012.1;NZ_JAMYWC010000013.1;NZ_JAMYWC010000014.1;NZ_JAMYWC010000015.1;NZ_JAMYWC010000016.1;NZ_JAMYWC010000017.1;NZ_JAMYWC010000018.1;NZ_JAMYWC010000019.1;NZ_JAMYWC010000002.1;NZ_JAMYWC010000020.1;NZ_JAMYWC010000003.1;NZ_JAMYWC010000004.1;NZ_JAMYWC010000005.1;NZ_JAMYWC010000006.1;NZ_JAMYWC010000007.1;NZ_JAMYWC010000008.1;NZ_JAMYWC010000009.1",FALSE,FALSE,FALSE,TRUE,"ASM2415892v1","Ralstonia chuxiongensis","Scaffold",876322,20,"Ralstonia",99.97,0.72,2957504,"cellular organisms","Bacteria",NA,"Betaproteobacteria","Betaproteobacteria","Burkholderiales","Burkholderiaceae","Ralstonia","unclassified Ralstonia;Ralstonia sp. 21YRMH01-3"
"8","GCF_001050195.2","NZ_DF967965.1;NZ_DF967966.1;NZ_DF967967.1;NZ_DF967968.1;NZ_DF967969.1;NZ_DF967970.1",FALSE,FALSE,FALSE,FALSE,"ASM105019v2","Anaerolinea thermolimosa","Scaffold",109952,6,"Bacteria",94.25,0.86,229919,"cellular organisms","Bacteria",NA,"Chloroflexota","Chloroflexota","Anaerolineae","Anaerolineales","Anaerolineaceae","Anaerolinea;Anaerolinea thermolimosa"
"9","GCF_041929205.1","NZ_JBHFNT010000001.1;NZ_JBHFNT010000010.1;NZ_JBHFNT010000100.1;NZ_JBHFNT010000101.1;NZ_JBHFNT010000102.1;NZ_JBHFNT010000103.1;NZ_JBHFNT010000104.1;NZ_JBHFNT010000105.1;NZ_JBHFNT010000106.1;NZ_JBHFNT010000107.1;NZ_JBHFNT010000108.1;NZ_JBHFNT010000109.1;NZ_JBHFNT010000011.1;NZ_JBHFNT010000110.1;NZ_JBHFNT010000111.1;NZ_JBHFNT010000112.1;NZ_JBHFNT010000113.1;NZ_JBHFNT010000114.1;NZ_JBHFNT010000115.1;NZ_JBHFNT010000116.1;NZ_JBHFNT010000117.1;NZ_JBHFNT010000118.1;NZ_JBHFNT010000119.1;NZ_JBHFNT010000012.1;NZ_JBHFNT010000120.1;NZ_JBHFNT010000121.1;NZ_JBHFNT010000122.1;NZ_JBHFNT010000123.1;NZ_JBHFNT010000124.1;NZ_JBHFNT010000125.1;NZ_JBHFNT010000126.1;NZ_JBHFNT010000127.1;NZ_JBHFNT010000128.1;NZ_JBHFNT010000129.1;NZ_JBHFNT010000013.1;NZ_JBHFNT010000130.1;NZ_JBHFNT010000131.1;NZ_JBHFNT010000132.1;NZ_JBHFNT010000133.1;NZ_JBHFNT010000134.1;NZ_JBHFNT010000135.1;NZ_JBHFNT010000136.1;NZ_JBHFNT010000137.1;NZ_JBHFNT010000138.1;NZ_JBHFNT010000139.1;NZ_JBHFNT010000014.1;NZ_JBHFNT010000140.1;NZ_JBHFNT010000141.1;NZ_JBHFNT010000142.1;NZ_JBHFNT010000143.1;NZ_JBHFNT010000144.1;NZ_JBHFNT010000145.1;NZ_JBHFNT010000146.1;NZ_JBHFNT010000147.1;NZ_JBHFNT010000148.1;NZ_JBHFNT010000149.1;NZ_JBHFNT010000015.1;NZ_JBHFNT010000150.1;NZ_JBHFNT010000151.1;NZ_JBHFNT010000152.1;NZ_JBHFNT010000153.1;NZ_JBHFNT010000154.1;NZ_JBHFNT010000155.1;NZ_JBHFNT010000156.1;NZ_JBHFNT010000157.1;NZ_JBHFNT010000158.1;NZ_JBHFNT010000159.1;NZ_JBHFNT010000016.1;NZ_JBHFNT010000160.1;NZ_JBHFNT010000161.1;NZ_JBHFNT010000162.1;NZ_JBHFNT010000163.1;NZ_JBHFNT010000164.1;NZ_JBHFNT010000165.1;NZ_JBHFNT010000166.1;NZ_JBHFNT010000167.1;NZ_JBHFNT010000168.1;NZ_JBHFNT010000169.1;NZ_JBHFNT010000017.1;NZ_JBHFNT010000170.1;NZ_JBHFNT010000171.1;NZ_JBHFNT010000172.1;NZ_JBHFNT010000173.1;NZ_JBHFNT010000174.1;NZ_JBHFNT010000175.1;NZ_JBHFNT010000176.1;NZ_JBHFNT010000177.1;NZ_JBHFNT010000178.1;NZ_JBHFNT010000179.1;NZ_JBHFNT010000018.1;NZ_JBHFNT010000180.1;NZ_JBHFNT010000181.1;NZ_JBHFNT010000182.1;NZ_JBHFNT010000183.1;NZ_JBHFNT010000184.1;NZ_JBHFNT010000185.1;NZ_JBHFNT010000186.1;NZ_JBHFNT010000187.1;NZ_JBHFNT010000188.1;NZ_JBHFNT010000189.1;NZ_JBHFNT010000019.1;NZ_JBHFNT010000190.1;NZ_JBHFNT010000191.1;NZ_JBHFNT010000192.1;NZ_JBHFNT010000193.1;NZ_JBHFNT010000194.1;NZ_JBHFNT010000195.1;NZ_JBHFNT010000196.1;NZ_JBHFNT010000197.1;NZ_JBHFNT010000198.1;NZ_JBHFNT010000199.1;NZ_JBHFNT010000002.1;NZ_JBHFNT010000020.1;NZ_JBHFNT010000200.1;NZ_JBHFNT010000201.1;NZ_JBHFNT010000202.1;NZ_JBHFNT010000203.1;NZ_JBHFNT010000204.1;NZ_JBHFNT010000205.1;NZ_JBHFNT010000206.1;NZ_JBHFNT010000207.1;NZ_JBHFNT010000208.1;NZ_JBHFNT010000209.1;NZ_JBHFNT010000021.1;NZ_JBHFNT010000210.1;NZ_JBHFNT010000211.1;NZ_JBHFNT010000212.1;NZ_JBHFNT010000213.1;NZ_JBHFNT010000214.1;NZ_JBHFNT010000215.1;NZ_JBHFNT010000216.1;NZ_JBHFNT010000217.1;NZ_JBHFNT010000218.1;NZ_JBHFNT010000219.1;NZ_JBHFNT010000022.1;NZ_JBHFNT010000220.1;NZ_JBHFNT010000221.1;NZ_JBHFNT010000222.1;NZ_JBHFNT010000223.1;NZ_JBHFNT010000224.1;NZ_JBHFNT010000225.1;NZ_JBHFNT010000226.1;NZ_JBHFNT010000227.1;NZ_JBHFNT010000228.1;NZ_JBHFNT010000229.1;NZ_JBHFNT010000023.1;NZ_JBHFNT010000230.1;NZ_JBHFNT010000231.1;NZ_JBHFNT010000232.1;NZ_JBHFNT010000233.1;NZ_JBHFNT010000234.1;NZ_JBHFNT010000235.1;NZ_JBHFNT010000236.1;NZ_JBHFNT010000237.1;NZ_JBHFNT010000238.1;NZ_JBHFNT010000239.1;NZ_JBHFNT010000024.1;NZ_JBHFNT010000240.1;NZ_JBHFNT010000241.1;NZ_JBHFNT010000242.1;NZ_JBHFNT010000243.1;NZ_JBHFNT010000244.1;NZ_JBHFNT010000245.1;NZ_JBHFNT010000246.1;NZ_JBHFNT010000247.1;NZ_JBHFNT010000248.1;NZ_JBHFNT010000249.1;NZ_JBHFNT010000025.1;NZ_JBHFNT010000250.1;NZ_JBHFNT010000251.1;NZ_JBHFNT010000252.1;NZ_JBHFNT010000253.1;NZ_JBHFNT010000254.1;NZ_JBHFNT010000255.1;NZ_JBHFNT010000256.1;NZ_JBHFNT010000257.1;NZ_JBHFNT010000258.1;NZ_JBHFNT010000259.1;NZ_JBHFNT010000026.1;NZ_JBHFNT010000260.1;NZ_JBHFNT010000261.1;NZ_JBHFNT010000262.1;NZ_JBHFNT010000263.1;NZ_JBHFNT010000264.1;NZ_JBHFNT010000265.1;NZ_JBHFNT010000266.1;NZ_JBHFNT010000267.1;NZ_JBHFNT010000268.1;NZ_JBHFNT010000269.1;NZ_JBHFNT010000027.1;NZ_JBHFNT010000270.1;NZ_JBHFNT010000271.1;NZ_JBHFNT010000272.1;NZ_JBHFNT010000273.1;NZ_JBHFNT010000274.1;NZ_JBHFNT010000275.1;NZ_JBHFNT010000276.1;NZ_JBHFNT010000277.1;NZ_JBHFNT010000278.1;NZ_JBHFNT010000279.1;NZ_JBHFNT010000028.1;NZ_JBHFNT010000280.1;NZ_JBHFNT010000281.1;NZ_JBHFNT010000282.1;NZ_JBHFNT010000283.1;NZ_JBHFNT010000284.1;NZ_JBHFNT010000285.1;NZ_JBHFNT010000286.1;NZ_JBHFNT010000287.1;NZ_JBHFNT010000288.1;NZ_JBHFNT010000289.1;NZ_JBHFNT010000029.1;NZ_JBHFNT010000290.1;NZ_JBHFNT010000291.1;NZ_JBHFNT010000292.1;NZ_JBHFNT010000293.1;NZ_JBHFNT010000294.1;NZ_JBHFNT010000295.1;NZ_JBHFNT010000296.1;NZ_JBHFNT010000297.1;NZ_JBHFNT010000298.1;NZ_JBHFNT010000299.1;NZ_JBHFNT010000003.1;NZ_JBHFNT010000030.1;NZ_JBHFNT010000300.1;NZ_JBHFNT010000301.1;NZ_JBHFNT010000302.1;NZ_JBHFNT010000303.1;NZ_JBHFNT010000304.1;NZ_JBHFNT010000305.1;NZ_JBHFNT010000306.1;NZ_JBHFNT010000307.1;NZ_JBHFNT010000308.1;NZ_JBHFNT010000309.1;NZ_JBHFNT010000031.1;NZ_JBHFNT010000310.1;NZ_JBHFNT010000311.1;NZ_JBHFNT010000312.1;NZ_JBHFNT010000313.1;NZ_JBHFNT010000314.1;NZ_JBHFNT010000315.1;NZ_JBHFNT010000316.1;NZ_JBHFNT010000317.1;NZ_JBHFNT010000318.1;NZ_JBHFNT010000319.1;NZ_JBHFNT010000032.1;NZ_JBHFNT010000320.1;NZ_JBHFNT010000321.1;NZ_JBHFNT010000322.1;NZ_JBHFNT010000323.1;NZ_JBHFNT010000324.1;NZ_JBHFNT010000325.1;NZ_JBHFNT010000326.1;NZ_JBHFNT010000327.1;NZ_JBHFNT010000328.1;NZ_JBHFNT010000329.1;NZ_JBHFNT010000033.1;NZ_JBHFNT010000034.1;NZ_JBHFNT010000035.1;NZ_JBHFNT010000036.1;NZ_JBHFNT010000037.1;NZ_JBHFNT010000038.1;NZ_JBHFNT010000039.1;NZ_JBHFNT010000004.1;NZ_JBHFNT010000040.1;NZ_JBHFNT010000041.1;NZ_JBHFNT010000042.1;NZ_JBHFNT010000043.1;NZ_JBHFNT010000044.1;NZ_JBHFNT010000045.1;NZ_JBHFNT010000046.1;NZ_JBHFNT010000047.1;NZ_JBHFNT010000048.1;NZ_JBHFNT010000049.1;NZ_JBHFNT010000005.1;NZ_JBHFNT010000050.1;NZ_JBHFNT010000051.1;NZ_JBHFNT010000052.1;NZ_JBHFNT010000053.1;NZ_JBHFNT010000054.1;NZ_JBHFNT010000055.1;NZ_JBHFNT010000056.1;NZ_JBHFNT010000057.1;NZ_JBHFNT010000058.1;NZ_JBHFNT010000059.1;NZ_JBHFNT010000006.1;NZ_JBHFNT010000060.1;NZ_JBHFNT010000061.1;NZ_JBHFNT010000062.1;NZ_JBHFNT010000063.1;NZ_JBHFNT010000064.1;NZ_JBHFNT010000065.1;NZ_JBHFNT010000066.1;NZ_JBHFNT010000067.1;NZ_JBHFNT010000068.1;NZ_JBHFNT010000069.1;NZ_JBHFNT010000007.1;NZ_JBHFNT010000070.1;NZ_JBHFNT010000071.1;NZ_JBHFNT010000072.1;NZ_JBHFNT010000073.1;NZ_JBHFNT010000074.1;NZ_JBHFNT010000075.1;NZ_JBHFNT010000076.1;NZ_JBHFNT010000077.1;NZ_JBHFNT010000078.1;NZ_JBHFNT010000079.1;NZ_JBHFNT010000008.1;NZ_JBHFNT010000080.1;NZ_JBHFNT010000081.1;NZ_JBHFNT010000082.1;NZ_JBHFNT010000083.1;NZ_JBHFNT010000084.1;NZ_JBHFNT010000085.1;NZ_JBHFNT010000086.1;NZ_JBHFNT010000087.1;NZ_JBHFNT010000088.1;NZ_JBHFNT010000089.1;NZ_JBHFNT010000009.1;NZ_JBHFNT010000090.1;NZ_JBHFNT010000091.1;NZ_JBHFNT010000092.1;NZ_JBHFNT010000093.1;NZ_JBHFNT010000094.1;NZ_JBHFNT010000095.1;NZ_JBHFNT010000096.1;NZ_JBHFNT010000097.1;NZ_JBHFNT010000098.1;NZ_JBHFNT010000099.1",TRUE,FALSE,FALSE,FALSE,"ASM4192920v1","Floridaenema evergladense BLCC-F167","Contig",54325,329,"Cyanobacteria",97.96,0.54,3153639,NA,NA,"Bacteria","Cyanobacteriota","Cyanophyceae","Aerosakkonematales","Aerosakkonemataceae","Floridanema","Floridanema evergladense"
"10","GCF_028330985.1","NZ_JAQMUE010000011.1;NZ_JAQMUE010000012.1;NZ_JAQMUE010000013.1;NZ_JAQMUE010000014.1;NZ_JAQMUE010000015.1;NZ_JAQMUE010000016.1;NZ_JAQMUE010000003.1;NZ_JAQMUE010000017.1;NZ_JAQMUE010000018.1;NZ_JAQMUE010000019.1;NZ_JAQMUE010000020.1;NZ_JAQMUE010000021.1;NZ_JAQMUE010000022.1;NZ_JAQMUE010000023.1;NZ_JAQMUE010000024.1;NZ_JAQMUE010000025.1;NZ_JAQMUE010000026.1;NZ_JAQMUE010000027.1;NZ_JAQMUE010000028.1;NZ_JAQMUE010000029.1;NZ_JAQMUE010000030.1;NZ_JAQMUE010000031.1;NZ_JAQMUE010000032.1;NZ_JAQMUE010000033.1;NZ_JAQMUE010000034.1;NZ_JAQMUE010000035.1;NZ_JAQMUE010000036.1;NZ_JAQMUE010000037.1;NZ_JAQMUE010000038.1;NZ_JAQMUE010000039.1;NZ_JAQMUE010000040.1;NZ_JAQMUE010000041.1;NZ_JAQMUE010000042.1;NZ_JAQMUE010000043.1;NZ_JAQMUE010000044.1;NZ_JAQMUE010000045.1;NZ_JAQMUE010000046.1;NZ_JAQMUE010000047.1;NZ_JAQMUE010000048.1;NZ_JAQMUE010000049.1;NZ_JAQMUE010000050.1;NZ_JAQMUE010000004.1;NZ_JAQMUE010000051.1;NZ_JAQMUE010000052.1;NZ_JAQMUE010000053.1;NZ_JAQMUE010000054.1;NZ_JAQMUE010000055.1;NZ_JAQMUE010000056.1;NZ_JAQMUE010000057.1;NZ_JAQMUE010000058.1;NZ_JAQMUE010000059.1;NZ_JAQMUE010000060.1;NZ_JAQMUE010000061.1;NZ_JAQMUE010000001.1;NZ_JAQMUE010000062.1;NZ_JAQMUE010000063.1;NZ_JAQMUE010000064.1;NZ_JAQMUE010000065.1;NZ_JAQMUE010000066.1;NZ_JAQMUE010000067.1;NZ_JAQMUE010000068.1;NZ_JAQMUE010000069.1;NZ_JAQMUE010000070.1;NZ_JAQMUE010000071.1;NZ_JAQMUE010000072.1;NZ_JAQMUE010000073.1;NZ_JAQMUE010000074.1;NZ_JAQMUE010000075.1;NZ_JAQMUE010000076.1;NZ_JAQMUE010000005.1;NZ_JAQMUE010000077.1;NZ_JAQMUE010000078.1;NZ_JAQMUE010000079.1;NZ_JAQMUE010000080.1;NZ_JAQMUE010000081.1;NZ_JAQMUE010000082.1;NZ_JAQMUE010000083.1;NZ_JAQMUE010000006.1;NZ_JAQMUE010000084.1;NZ_JAQMUE010000085.1;NZ_JAQMUE010000086.1;NZ_JAQMUE010000087.1;NZ_JAQMUE010000088.1;NZ_JAQMUE010000089.1;NZ_JAQMUE010000090.1;NZ_JAQMUE010000091.1;NZ_JAQMUE010000092.1;NZ_JAQMUE010000093.1;NZ_JAQMUE010000094.1;NZ_JAQMUE010000095.1;NZ_JAQMUE010000096.1;NZ_JAQMUE010000097.1;NZ_JAQMUE010000098.1;NZ_JAQMUE010000099.1;NZ_JAQMUE010000100.1;NZ_JAQMUE010000101.1;NZ_JAQMUE010000102.1;NZ_JAQMUE010000103.1;NZ_JAQMUE010000104.1;NZ_JAQMUE010000105.1;NZ_JAQMUE010000106.1;NZ_JAQMUE010000107.1;NZ_JAQMUE010000108.1;NZ_JAQMUE010000109.1;NZ_JAQMUE010000110.1;NZ_JAQMUE010000111.1;NZ_JAQMUE010000112.1;NZ_JAQMUE010000113.1;NZ_JAQMUE010000007.1;NZ_JAQMUE010000008.1;NZ_JAQMUE010000009.1;NZ_JAQMUE010000010.1;NZ_JAQMUE010000002.1",TRUE,FALSE,FALSE,FALSE,"ASM2833098v1","Roseofilum reptotaenium CS-1145","Contig",76138,113,"Cyanobacteria",98.1,0.27,3021782,"cellular organisms","Bacteria",NA,"Cyanobacteriota/Melainabacteria group","Cyanobacteriota/Melainabacteria group","Cyanobacteriota","Cyanophyceae","Oscillatoriophycideae","Oscillatoriales;Coleofasciculaceae;Roseofilum;Roseofilum reptotaenium;Roseofilum reptotaenium CS-1145"
"11","GCF_014647055.1","NZ_BMOL01000001.1;NZ_BMOL01000002.1;NZ_BMOL01000003.1;NZ_BMOL01000004.1;NZ_BMOL01000005.1;NZ_BMOL01000006.1;NZ_BMOL01000007.1;NZ_BMOL01000008.1;NZ_BMOL01000009.1;NZ_BMOL01000010.1;NZ_BMOL01000011.1;NZ_BMOL01000012.1;NZ_BMOL01000013.1;NZ_BMOL01000014.1;NZ_BMOL01000015.1;NZ_BMOL01000016.1;NZ_BMOL01000017.1;NZ_BMOL01000018.1;NZ_BMOL01000019.1;NZ_BMOL01000020.1;NZ_BMOL01000021.1;NZ_BMOL01000022.1;NZ_BMOL01000023.1;NZ_BMOL01000024.1;NZ_BMOL01000025.1;NZ_BMOL01000026.1;NZ_BMOL01000027.1;NZ_BMOL01000028.1;NZ_BMOL01000029.1;NZ_BMOL01000030.1;NZ_BMOL01000031.1;NZ_BMOL01000032.1;NZ_BMOL01000033.1;NZ_BMOL01000034.1;NZ_BMOL01000035.1;NZ_BMOL01000036.1;NZ_BMOL01000037.1;NZ_BMOL01000038.1;NZ_BMOL01000039.1;NZ_BMOL01000040.1;NZ_BMOL01000041.1;NZ_BMOL01000042.1;NZ_BMOL01000043.1;NZ_BMOL01000044.1;NZ_BMOL01000045.1;NZ_BMOL01000046.1;NZ_BMOL01000047.1;NZ_BMOL01000048.1;NZ_BMOL01000049.1;NZ_BMOL01000050.1;NZ_BMOL01000051.1;NZ_BMOL01000052.1;NZ_BMOL01000053.1;NZ_BMOL01000054.1;NZ_BMOL01000055.1;NZ_BMOL01000056.1;NZ_BMOL01000057.1;NZ_BMOL01000058.1;NZ_BMOL01000059.1;NZ_BMOL01000060.1;NZ_BMOL01000061.1;NZ_BMOL01000062.1;NZ_BMOL01000063.1;NZ_BMOL01000064.1;NZ_BMOL01000065.1;NZ_BMOL01000066.1;NZ_BMOL01000067.1;NZ_BMOL01000068.1;NZ_BMOL01000069.1;NZ_BMOL01000070.1;NZ_BMOL01000071.1;NZ_BMOL01000072.1;NZ_BMOL01000073.1;NZ_BMOL01000074.1;NZ_BMOL01000075.1;NZ_BMOL01000076.1",FALSE,FALSE,FALSE,FALSE,"ASM1464705v1","Deinococcus aerolatus","Scaffold",182602,76,"Deinococcus",99.41,0.35,522487,"cellular organisms","Bacteria",NA,"Deinococcota","Deinococcota","Deinococci","Deinococcales","Deinococcaceae","Deinococcus;Deinococcus aerolatus"
"12","GCF_933509905.1","NZ_OW150024.1",FALSE,FALSE,FALSE,FALSE,"Trichlorobacter_G1","Trichlorobacter ammonificans","Complete Genome",3058983,1,"Geobacteraceae",97.92,0.83,2916410,NA,NA,"Bacteria","Desulfuromonadota + Desulfobacterota","Desulfuromonadia","Geobacterales","Geobacteraceae","Trichlorobacter","Trichlorobacter ammonificans"
"13","GCF_900110835.1","NZ_FOJG01000003.1;NZ_FOJG01000002.1;NZ_FOJG01000001.1",FALSE,FALSE,FALSE,FALSE,"IMG-taxon 2636416040 annotated assembly","Chitinophaga arvensicola","Scaffold",1446452,3,"Chitinophagaceae",97.73,2.49,29529,"cellular organisms","Bacteria",NA,"FCB group","Bacteroidetes/Chlorobi group","Bacteroidota","Chitinophagia","Chitinophagales","Chitinophagaceae;Chitinophaga;Chitinophaga arvensicola"
"14","GCF_000455265.1","NZ_HG005139.1;NZ_HG005140.1;NZ_HG005141.1;NZ_HG005142.1;NZ_HG005143.1;NZ_HG005144.1;NZ_HG005145.1;NZ_HG005146.1;NZ_HG005147.1",TRUE,FALSE,FALSE,FALSE,"Pa_GD11","Paenibacillus antibioticophila","Scaffold",117008,9,"Paenibacillus",98.27,0.11,1274374,"cellular organisms","Bacteria",NA,"Firmicutes","Bacillota","Bacilli","Bacillales","Paenibacillaceae","Paenibacillus;Paenibacillus antibioticophila"
"15","GCF_041199985.1","NZ_CP165647.1;NZ_CP165648.1;NZ_CP165649.1",FALSE,FALSE,FALSE,FALSE,"ASM4119998v1","Leptotrichia alba","Complete Genome",2436725,3,"Leptotrichia",95.29,1.23,3239304,NA,NA,"Bacteria","Fusobacteriota","Fusobacteriia","Fusobacteriales","Leptotrichiaceae","Leptotrichia","Leptotrichia alba"
"16","GCF_000621205.1","NZ_KK211226.1;NZ_KK211227.1;NZ_KK211228.1;NZ_KK211229.1;NZ_KK211230.1;NZ_JHYY01000013.1;NZ_JHYY01000014.1;NZ_KK211231.1;NZ_KK211232.1;NZ_KK211233.1;NZ_JHYY01000021.1;NZ_JHYY01000022.1;NZ_JHYY01000023.1;NZ_JHYY01000024.1;NZ_JHYY01000025.1;NZ_JHYY01000026.1;NZ_KK211234.1;NZ_JHYY01000030.1;NZ_KK211235.1;NZ_JHYY01000035.1;NZ_JHYY01000036.1;NZ_JHYY01000037.1;NZ_KK211236.1;NZ_JHYY01000040.1;NZ_JHYY01000041.1;NZ_JHYY01000042.1;NZ_JHYY01000043.1;NZ_JHYY01000044.1;NZ_KK211237.1;NZ_JHYY01000047.1;NZ_JHYY01000048.1;NZ_JHYY01000049.1;NZ_JHYY01000050.1;NZ_JHYY01000051.1;NZ_JHYY01000052.1;NZ_JHYY01000053.1;NZ_JHYY01000054.1;NZ_JHYY01000055.1;NZ_JHYY01000056.1;NZ_JHYY01000057.1",FALSE,FALSE,FALSE,TRUE,"ASM62120v1","Halotalea alkalilenta DSM 17697","Scaffold",148336,40,"Halomonadaceae",99.67,0.41,1403347,"cellular organisms","Bacteria",NA,"Gammaproteobacteria","Gammaproteobacteria","Oceanospirillales","Halomonadaceae","Halotalea","Halotalea alkalilenta;Halotalea alkalilenta DSM 17697"
"17","GCF_000439455.1","NC_021833.1",FALSE,FALSE,FALSE,FALSE,"ASM43945v1","Spiroplasma diminutum CUAS-1","Complete Genome",945296,1,"Entomoplasmatales",98.8,0.33,1276221,"cellular organisms","Bacteria",NA,"Mycoplasmatota","Mycoplasmatota","Mollicutes","Entomoplasmatales","Spiroplasmataceae","Spiroplasma;Spiroplasma diminutum;Spiroplasma diminutum CUAS-1"
"18","GCF_003611635.1","NZ_RAVZ01000100.1;NZ_RAVZ01000101.1;NZ_RAVZ01000102.1;NZ_RAVZ01000103.1;NZ_RAVZ01000104.1;NZ_RAVZ01000105.1;NZ_RAVZ01000106.1;NZ_RAVZ01000107.1;NZ_RAVZ01000108.1;NZ_RAVZ01000109.1;NZ_RAVZ01000010.1;NZ_RAVZ01000110.1;NZ_RAVZ01000111.1;NZ_RAVZ01000112.1;NZ_RAVZ01000113.1;NZ_RAVZ01000114.1;NZ_RAVZ01000115.1;NZ_RAVZ01000116.1;NZ_RAVZ01000117.1;NZ_RAVZ01000118.1;NZ_RAVZ01000119.1;NZ_RAVZ01000011.1;NZ_RAVZ01000120.1;NZ_RAVZ01000121.1;NZ_RAVZ01000122.1;NZ_RAVZ01000123.1;NZ_RAVZ01000124.1;NZ_RAVZ01000125.1;NZ_RAVZ01000126.1;NZ_RAVZ01000127.1;NZ_RAVZ01000128.1;NZ_RAVZ01000129.1;NZ_RAVZ01000012.1;NZ_RAVZ01000130.1;NZ_RAVZ01000131.1;NZ_RAVZ01000132.1;NZ_RAVZ01000133.1;NZ_RAVZ01000134.1;NZ_RAVZ01000135.1;NZ_RAVZ01000136.1;NZ_RAVZ01000137.1;NZ_RAVZ01000138.1;NZ_RAVZ01000139.1;NZ_RAVZ01000013.1;NZ_RAVZ01000140.1;NZ_RAVZ01000141.1;NZ_RAVZ01000142.1;NZ_RAVZ01000143.1;NZ_RAVZ01000144.1;NZ_RAVZ01000145.1;NZ_RAVZ01000146.1;NZ_RAVZ01000147.1;NZ_RAVZ01000148.1;NZ_RAVZ01000149.1;NZ_RAVZ01000014.1;NZ_RAVZ01000150.1;NZ_RAVZ01000151.1;NZ_RAVZ01000152.1;NZ_RAVZ01000153.1;NZ_RAVZ01000154.1;NZ_RAVZ01000155.1;NZ_RAVZ01000156.1;NZ_RAVZ01000157.1;NZ_RAVZ01000158.1;NZ_RAVZ01000159.1;NZ_RAVZ01000015.1;NZ_RAVZ01000160.1;NZ_RAVZ01000161.1;NZ_RAVZ01000162.1;NZ_RAVZ01000163.1;NZ_RAVZ01000164.1;NZ_RAVZ01000165.1;NZ_RAVZ01000166.1;NZ_RAVZ01000167.1;NZ_RAVZ01000168.1;NZ_RAVZ01000169.1;NZ_RAVZ01000016.1;NZ_RAVZ01000170.1;NZ_RAVZ01000171.1;NZ_RAVZ01000172.1;NZ_RAVZ01000173.1;NZ_RAVZ01000174.1;NZ_RAVZ01000175.1;NZ_RAVZ01000176.1;NZ_RAVZ01000177.1;NZ_RAVZ01000178.1;NZ_RAVZ01000179.1;NZ_RAVZ01000017.1;NZ_RAVZ01000180.1;NZ_RAVZ01000181.1;NZ_RAVZ01000182.1;NZ_RAVZ01000183.1;NZ_RAVZ01000184.1;NZ_RAVZ01000185.1;NZ_RAVZ01000186.1;NZ_RAVZ01000187.1;NZ_RAVZ01000188.1;NZ_RAVZ01000189.1;NZ_RAVZ01000018.1;NZ_RAVZ01000190.1;NZ_RAVZ01000191.1;NZ_RAVZ01000192.1;NZ_RAVZ01000193.1;NZ_RAVZ01000194.1;NZ_RAVZ01000195.1;NZ_RAVZ01000196.1;NZ_RAVZ01000197.1;NZ_RAVZ01000198.1;NZ_RAVZ01000199.1;NZ_RAVZ01000019.1;NZ_RAVZ01000001.1;NZ_RAVZ01000200.1;NZ_RAVZ01000201.1;NZ_RAVZ01000202.1;NZ_RAVZ01000203.1;NZ_RAVZ01000204.1;NZ_RAVZ01000205.1;NZ_RAVZ01000206.1;NZ_RAVZ01000207.1;NZ_RAVZ01000208.1;NZ_RAVZ01000209.1;NZ_RAVZ01000020.1;NZ_RAVZ01000210.1;NZ_RAVZ01000211.1;NZ_RAVZ01000212.1;NZ_RAVZ01000213.1;NZ_RAVZ01000214.1;NZ_RAVZ01000215.1;NZ_RAVZ01000216.1;NZ_RAVZ01000217.1;NZ_RAVZ01000218.1;NZ_RAVZ01000219.1;NZ_RAVZ01000021.1;NZ_RAVZ01000220.1;NZ_RAVZ01000221.1;NZ_RAVZ01000222.1;NZ_RAVZ01000223.1;NZ_RAVZ01000224.1;NZ_RAVZ01000225.1;NZ_RAVZ01000226.1;NZ_RAVZ01000227.1;NZ_RAVZ01000228.1;NZ_RAVZ01000229.1;NZ_RAVZ01000022.1;NZ_RAVZ01000230.1;NZ_RAVZ01000231.1;NZ_RAVZ01000232.1;NZ_RAVZ01000233.1;NZ_RAVZ01000234.1;NZ_RAVZ01000235.1;NZ_RAVZ01000236.1;NZ_RAVZ01000237.1;NZ_RAVZ01000238.1;NZ_RAVZ01000239.1;NZ_RAVZ01000023.1;NZ_RAVZ01000240.1;NZ_RAVZ01000241.1;NZ_RAVZ01000242.1;NZ_RAVZ01000243.1;NZ_RAVZ01000244.1;NZ_RAVZ01000245.1;NZ_RAVZ01000246.1;NZ_RAVZ01000247.1;NZ_RAVZ01000248.1;NZ_RAVZ01000249.1;NZ_RAVZ01000024.1;NZ_RAVZ01000250.1;NZ_RAVZ01000251.1;NZ_RAVZ01000252.1;NZ_RAVZ01000253.1;NZ_RAVZ01000254.1;NZ_RAVZ01000255.1;NZ_RAVZ01000256.1;NZ_RAVZ01000257.1;NZ_RAVZ01000258.1;NZ_RAVZ01000259.1;NZ_RAVZ01000025.1;NZ_RAVZ01000260.1;NZ_RAVZ01000261.1;NZ_RAVZ01000262.1;NZ_RAVZ01000263.1;NZ_RAVZ01000264.1;NZ_RAVZ01000265.1;NZ_RAVZ01000266.1;NZ_RAVZ01000267.1;NZ_RAVZ01000268.1;NZ_RAVZ01000269.1;NZ_RAVZ01000026.1;NZ_RAVZ01000270.1;NZ_RAVZ01000271.1;NZ_RAVZ01000272.1;NZ_RAVZ01000273.1;NZ_RAVZ01000274.1;NZ_RAVZ01000275.1;NZ_RAVZ01000276.1;NZ_RAVZ01000277.1;NZ_RAVZ01000278.1;NZ_RAVZ01000279.1;NZ_RAVZ01000027.1;NZ_RAVZ01000280.1;NZ_RAVZ01000281.1;NZ_RAVZ01000282.1;NZ_RAVZ01000283.1;NZ_RAVZ01000284.1;NZ_RAVZ01000285.1;NZ_RAVZ01000286.1;NZ_RAVZ01000287.1;NZ_RAVZ01000288.1;NZ_RAVZ01000289.1;NZ_RAVZ01000028.1;NZ_RAVZ01000290.1;NZ_RAVZ01000291.1;NZ_RAVZ01000292.1;NZ_RAVZ01000293.1;NZ_RAVZ01000294.1;NZ_RAVZ01000295.1;NZ_RAVZ01000296.1;NZ_RAVZ01000297.1;NZ_RAVZ01000298.1;NZ_RAVZ01000299.1;NZ_RAVZ01000029.1;NZ_RAVZ01000002.1;NZ_RAVZ01000300.1;NZ_RAVZ01000301.1;NZ_RAVZ01000302.1;NZ_RAVZ01000303.1;NZ_RAVZ01000304.1;NZ_RAVZ01000305.1;NZ_RAVZ01000306.1;NZ_RAVZ01000307.1;NZ_RAVZ01000308.1;NZ_RAVZ01000309.1;NZ_RAVZ01000030.1;NZ_RAVZ01000310.1;NZ_RAVZ01000311.1;NZ_RAVZ01000312.1;NZ_RAVZ01000313.1;NZ_RAVZ01000314.1;NZ_RAVZ01000315.1;NZ_RAVZ01000316.1;NZ_RAVZ01000317.1;NZ_RAVZ01000318.1;NZ_RAVZ01000319.1;NZ_RAVZ01000031.1;NZ_RAVZ01000320.1;NZ_RAVZ01000321.1;NZ_RAVZ01000322.1;NZ_RAVZ01000323.1;NZ_RAVZ01000324.1;NZ_RAVZ01000325.1;NZ_RAVZ01000326.1;NZ_RAVZ01000327.1;NZ_RAVZ01000328.1;NZ_RAVZ01000329.1;NZ_RAVZ01000032.1;NZ_RAVZ01000330.1;NZ_RAVZ01000331.1;NZ_RAVZ01000332.1;NZ_RAVZ01000333.1;NZ_RAVZ01000334.1;NZ_RAVZ01000335.1;NZ_RAVZ01000336.1;NZ_RAVZ01000337.1;NZ_RAVZ01000338.1;NZ_RAVZ01000339.1;NZ_RAVZ01000033.1;NZ_RAVZ01000340.1;NZ_RAVZ01000341.1;NZ_RAVZ01000342.1;NZ_RAVZ01000343.1;NZ_RAVZ01000344.1;NZ_RAVZ01000345.1;NZ_RAVZ01000346.1;NZ_RAVZ01000347.1;NZ_RAVZ01000348.1;NZ_RAVZ01000349.1;NZ_RAVZ01000034.1;NZ_RAVZ01000350.1;NZ_RAVZ01000351.1;NZ_RAVZ01000352.1;NZ_RAVZ01000353.1;NZ_RAVZ01000354.1;NZ_RAVZ01000355.1;NZ_RAVZ01000356.1;NZ_RAVZ01000357.1;NZ_RAVZ01000358.1;NZ_RAVZ01000359.1;NZ_RAVZ01000035.1;NZ_RAVZ01000360.1;NZ_RAVZ01000361.1;NZ_RAVZ01000362.1;NZ_RAVZ01000363.1;NZ_RAVZ01000364.1;NZ_RAVZ01000365.1;NZ_RAVZ01000366.1;NZ_RAVZ01000367.1;NZ_RAVZ01000368.1;NZ_RAVZ01000369.1;NZ_RAVZ01000036.1;NZ_RAVZ01000370.1;NZ_RAVZ01000371.1;NZ_RAVZ01000372.1;NZ_RAVZ01000373.1;NZ_RAVZ01000374.1;NZ_RAVZ01000375.1;NZ_RAVZ01000376.1;NZ_RAVZ01000377.1;NZ_RAVZ01000378.1;NZ_RAVZ01000379.1;NZ_RAVZ01000037.1;NZ_RAVZ01000380.1;NZ_RAVZ01000381.1;NZ_RAVZ01000382.1;NZ_RAVZ01000383.1;NZ_RAVZ01000384.1;NZ_RAVZ01000385.1;NZ_RAVZ01000386.1;NZ_RAVZ01000387.1;NZ_RAVZ01000388.1;NZ_RAVZ01000389.1;NZ_RAVZ01000038.1;NZ_RAVZ01000390.1;NZ_RAVZ01000391.1;NZ_RAVZ01000392.1;NZ_RAVZ01000393.1;NZ_RAVZ01000394.1;NZ_RAVZ01000395.1;NZ_RAVZ01000396.1;NZ_RAVZ01000397.1;NZ_RAVZ01000398.1;NZ_RAVZ01000399.1;NZ_RAVZ01000039.1;NZ_RAVZ01000003.1;NZ_RAVZ01000400.1;NZ_RAVZ01000401.1;NZ_RAVZ01000402.1;NZ_RAVZ01000403.1;NZ_RAVZ01000404.1;NZ_RAVZ01000405.1;NZ_RAVZ01000406.1;NZ_RAVZ01000407.1;NZ_RAVZ01000408.1;NZ_RAVZ01000409.1;NZ_RAVZ01000040.1;NZ_RAVZ01000410.1;NZ_RAVZ01000411.1;NZ_RAVZ01000412.1;NZ_RAVZ01000413.1;NZ_RAVZ01000414.1;NZ_RAVZ01000415.1;NZ_RAVZ01000416.1;NZ_RAVZ01000417.1;NZ_RAVZ01000418.1;NZ_RAVZ01000419.1;NZ_RAVZ01000041.1;NZ_RAVZ01000420.1;NZ_RAVZ01000421.1;NZ_RAVZ01000422.1;NZ_RAVZ01000423.1;NZ_RAVZ01000424.1;NZ_RAVZ01000425.1;NZ_RAVZ01000426.1;NZ_RAVZ01000427.1;NZ_RAVZ01000428.1;NZ_RAVZ01000429.1;NZ_RAVZ01000042.1;NZ_RAVZ01000430.1;NZ_RAVZ01000431.1;NZ_RAVZ01000432.1;NZ_RAVZ01000433.1;NZ_RAVZ01000434.1;NZ_RAVZ01000435.1;NZ_RAVZ01000436.1;NZ_RAVZ01000437.1;NZ_RAVZ01000438.1;NZ_RAVZ01000439.1;NZ_RAVZ01000043.1;NZ_RAVZ01000440.1;NZ_RAVZ01000441.1;NZ_RAVZ01000442.1;NZ_RAVZ01000443.1;NZ_RAVZ01000444.1;NZ_RAVZ01000445.1;NZ_RAVZ01000446.1;NZ_RAVZ01000447.1;NZ_RAVZ01000448.1;NZ_RAVZ01000449.1;NZ_RAVZ01000044.1;NZ_RAVZ01000450.1;NZ_RAVZ01000451.1;NZ_RAVZ01000452.1;NZ_RAVZ01000453.1;NZ_RAVZ01000454.1;NZ_RAVZ01000455.1;NZ_RAVZ01000456.1;NZ_RAVZ01000457.1;NZ_RAVZ01000458.1;NZ_RAVZ01000459.1;NZ_RAVZ01000045.1;NZ_RAVZ01000460.1;NZ_RAVZ01000461.1;NZ_RAVZ01000462.1;NZ_RAVZ01000463.1;NZ_RAVZ01000464.1;NZ_RAVZ01000465.1;NZ_RAVZ01000466.1;NZ_RAVZ01000467.1;NZ_RAVZ01000468.1;NZ_RAVZ01000469.1;NZ_RAVZ01000046.1;NZ_RAVZ01000470.1;NZ_RAVZ01000471.1;NZ_RAVZ01000472.1;NZ_RAVZ01000473.1;NZ_RAVZ01000474.1;NZ_RAVZ01000475.1;NZ_RAVZ01000476.1;NZ_RAVZ01000477.1;NZ_RAVZ01000478.1;NZ_RAVZ01000479.1;NZ_RAVZ01000047.1;NZ_RAVZ01000480.1;NZ_RAVZ01000481.1;NZ_RAVZ01000482.1;NZ_RAVZ01000483.1;NZ_RAVZ01000484.1;NZ_RAVZ01000485.1;NZ_RAVZ01000486.1;NZ_RAVZ01000487.1;NZ_RAVZ01000488.1;NZ_RAVZ01000489.1;NZ_RAVZ01000048.1;NZ_RAVZ01000490.1;NZ_RAVZ01000491.1;NZ_RAVZ01000492.1;NZ_RAVZ01000493.1;NZ_RAVZ01000494.1;NZ_RAVZ01000495.1;NZ_RAVZ01000496.1;NZ_RAVZ01000497.1;NZ_RAVZ01000498.1;NZ_RAVZ01000499.1;NZ_RAVZ01000049.1;NZ_RAVZ01000004.1;NZ_RAVZ01000500.1;NZ_RAVZ01000501.1;NZ_RAVZ01000502.1;NZ_RAVZ01000503.1;NZ_RAVZ01000504.1;NZ_RAVZ01000505.1;NZ_RAVZ01000506.1;NZ_RAVZ01000507.1;NZ_RAVZ01000508.1;NZ_RAVZ01000509.1;NZ_RAVZ01000050.1;NZ_RAVZ01000510.1;NZ_RAVZ01000511.1;NZ_RAVZ01000512.1;NZ_RAVZ01000513.1;NZ_RAVZ01000514.1;NZ_RAVZ01000515.1;NZ_RAVZ01000516.1;NZ_RAVZ01000517.1;NZ_RAVZ01000518.1;NZ_RAVZ01000519.1;NZ_RAVZ01000051.1;NZ_RAVZ01000520.1;NZ_RAVZ01000521.1;NZ_RAVZ01000522.1;NZ_RAVZ01000523.1;NZ_RAVZ01000524.1;NZ_RAVZ01000525.1;NZ_RAVZ01000526.1;NZ_RAVZ01000527.1;NZ_RAVZ01000528.1;NZ_RAVZ01000529.1;NZ_RAVZ01000052.1;NZ_RAVZ01000530.1;NZ_RAVZ01000531.1;NZ_RAVZ01000532.1;NZ_RAVZ01000533.1;NZ_RAVZ01000534.1;NZ_RAVZ01000535.1;NZ_RAVZ01000536.1;NZ_RAVZ01000537.1;NZ_RAVZ01000538.1;NZ_RAVZ01000539.1;NZ_RAVZ01000053.1;NZ_RAVZ01000540.1;NZ_RAVZ01000541.1;NZ_RAVZ01000542.1;NZ_RAVZ01000543.1;NZ_RAVZ01000544.1;NZ_RAVZ01000545.1;NZ_RAVZ01000546.1;NZ_RAVZ01000547.1;NZ_RAVZ01000548.1;NZ_RAVZ01000549.1;NZ_RAVZ01000054.1;NZ_RAVZ01000550.1;NZ_RAVZ01000551.1;NZ_RAVZ01000552.1;NZ_RAVZ01000553.1;NZ_RAVZ01000554.1;NZ_RAVZ01000555.1;NZ_RAVZ01000556.1;NZ_RAVZ01000557.1;NZ_RAVZ01000558.1;NZ_RAVZ01000559.1;NZ_RAVZ01000055.1;NZ_RAVZ01000560.1;NZ_RAVZ01000561.1;NZ_RAVZ01000562.1;NZ_RAVZ01000563.1;NZ_RAVZ01000564.1;NZ_RAVZ01000565.1;NZ_RAVZ01000566.1;NZ_RAVZ01000567.1;NZ_RAVZ01000568.1;NZ_RAVZ01000569.1;NZ_RAVZ01000056.1;NZ_RAVZ01000570.1;NZ_RAVZ01000571.1;NZ_RAVZ01000572.1;NZ_RAVZ01000573.1;NZ_RAVZ01000574.1;NZ_RAVZ01000575.1;NZ_RAVZ01000576.1;NZ_RAVZ01000577.1;NZ_RAVZ01000578.1;NZ_RAVZ01000579.1;NZ_RAVZ01000057.1;NZ_RAVZ01000580.1;NZ_RAVZ01000581.1;NZ_RAVZ01000582.1;NZ_RAVZ01000583.1;NZ_RAVZ01000584.1;NZ_RAVZ01000585.1;NZ_RAVZ01000586.1;NZ_RAVZ01000587.1;NZ_RAVZ01000588.1;NZ_RAVZ01000589.1;NZ_RAVZ01000058.1;NZ_RAVZ01000590.1;NZ_RAVZ01000591.1;NZ_RAVZ01000592.1;NZ_RAVZ01000593.1;NZ_RAVZ01000594.1;NZ_RAVZ01000595.1;NZ_RAVZ01000596.1;NZ_RAVZ01000597.1;NZ_RAVZ01000598.1;NZ_RAVZ01000599.1;NZ_RAVZ01000059.1;NZ_RAVZ01000005.1;NZ_RAVZ01000600.1;NZ_RAVZ01000601.1;NZ_RAVZ01000602.1;NZ_RAVZ01000603.1;NZ_RAVZ01000604.1;NZ_RAVZ01000605.1;NZ_RAVZ01000606.1;NZ_RAVZ01000607.1;NZ_RAVZ01000608.1;NZ_RAVZ01000609.1;NZ_RAVZ01000060.1;NZ_RAVZ01000610.1;NZ_RAVZ01000611.1;NZ_RAVZ01000612.1;NZ_RAVZ01000613.1;NZ_RAVZ01000614.1;NZ_RAVZ01000615.1;NZ_RAVZ01000616.1;NZ_RAVZ01000617.1;NZ_RAVZ01000618.1;NZ_RAVZ01000619.1;NZ_RAVZ01000061.1;NZ_RAVZ01000620.1;NZ_RAVZ01000621.1;NZ_RAVZ01000622.1;NZ_RAVZ01000623.1;NZ_RAVZ01000624.1;NZ_RAVZ01000625.1;NZ_RAVZ01000626.1;NZ_RAVZ01000627.1;NZ_RAVZ01000628.1;NZ_RAVZ01000629.1;NZ_RAVZ01000062.1;NZ_RAVZ01000630.1;NZ_RAVZ01000631.1;NZ_RAVZ01000632.1;NZ_RAVZ01000633.1;NZ_RAVZ01000634.1;NZ_RAVZ01000635.1;NZ_RAVZ01000636.1;NZ_RAVZ01000637.1;NZ_RAVZ01000638.1;NZ_RAVZ01000639.1;NZ_RAVZ01000063.1;NZ_RAVZ01000640.1;NZ_RAVZ01000641.1;NZ_RAVZ01000642.1;NZ_RAVZ01000643.1;NZ_RAVZ01000644.1;NZ_RAVZ01000645.1;NZ_RAVZ01000646.1;NZ_RAVZ01000647.1;NZ_RAVZ01000648.1;NZ_RAVZ01000649.1;NZ_RAVZ01000064.1;NZ_RAVZ01000650.1;NZ_RAVZ01000651.1;NZ_RAVZ01000652.1;NZ_RAVZ01000653.1;NZ_RAVZ01000654.1;NZ_RAVZ01000655.1;NZ_RAVZ01000656.1;NZ_RAVZ01000657.1;NZ_RAVZ01000658.1;NZ_RAVZ01000659.1;NZ_RAVZ01000065.1;NZ_RAVZ01000660.1;NZ_RAVZ01000661.1;NZ_RAVZ01000662.1;NZ_RAVZ01000663.1;NZ_RAVZ01000664.1;NZ_RAVZ01000665.1;NZ_RAVZ01000666.1;NZ_RAVZ01000667.1;NZ_RAVZ01000668.1;NZ_RAVZ01000669.1;NZ_RAVZ01000066.1;NZ_RAVZ01000670.1;NZ_RAVZ01000671.1;NZ_RAVZ01000672.1;NZ_RAVZ01000673.1;NZ_RAVZ01000674.1;NZ_RAVZ01000675.1;NZ_RAVZ01000676.1;NZ_RAVZ01000677.1;NZ_RAVZ01000678.1;NZ_RAVZ01000679.1;NZ_RAVZ01000067.1;NZ_RAVZ01000680.1;NZ_RAVZ01000681.1;NZ_RAVZ01000682.1;NZ_RAVZ01000683.1;NZ_RAVZ01000684.1;NZ_RAVZ01000685.1;NZ_RAVZ01000686.1;NZ_RAVZ01000687.1;NZ_RAVZ01000688.1;NZ_RAVZ01000689.1;NZ_RAVZ01000068.1;NZ_RAVZ01000690.1;NZ_RAVZ01000691.1;NZ_RAVZ01000692.1;NZ_RAVZ01000693.1;NZ_RAVZ01000694.1;NZ_RAVZ01000695.1;NZ_RAVZ01000696.1;NZ_RAVZ01000697.1;NZ_RAVZ01000698.1;NZ_RAVZ01000699.1;NZ_RAVZ01000069.1;NZ_RAVZ01000006.1;NZ_RAVZ01000700.1;NZ_RAVZ01000701.1;NZ_RAVZ01000702.1;NZ_RAVZ01000703.1;NZ_RAVZ01000704.1;NZ_RAVZ01000705.1;NZ_RAVZ01000706.1;NZ_RAVZ01000707.1;NZ_RAVZ01000708.1;NZ_RAVZ01000709.1;NZ_RAVZ01000070.1;NZ_RAVZ01000710.1;NZ_RAVZ01000711.1;NZ_RAVZ01000712.1;NZ_RAVZ01000713.1;NZ_RAVZ01000714.1;NZ_RAVZ01000715.1;NZ_RAVZ01000716.1;NZ_RAVZ01000717.1;NZ_RAVZ01000718.1;NZ_RAVZ01000719.1;NZ_RAVZ01000071.1;NZ_RAVZ01000720.1;NZ_RAVZ01000721.1;NZ_RAVZ01000722.1;NZ_RAVZ01000723.1;NZ_RAVZ01000724.1;NZ_RAVZ01000725.1;NZ_RAVZ01000726.1;NZ_RAVZ01000727.1;NZ_RAVZ01000728.1;NZ_RAVZ01000729.1;NZ_RAVZ01000072.1;NZ_RAVZ01000730.1;NZ_RAVZ01000731.1;NZ_RAVZ01000732.1;NZ_RAVZ01000733.1;NZ_RAVZ01000734.1;NZ_RAVZ01000735.1;NZ_RAVZ01000736.1;NZ_RAVZ01000737.1;NZ_RAVZ01000738.1;NZ_RAVZ01000739.1;NZ_RAVZ01000073.1;NZ_RAVZ01000740.1;NZ_RAVZ01000741.1;NZ_RAVZ01000742.1;NZ_RAVZ01000743.1;NZ_RAVZ01000744.1;NZ_RAVZ01000745.1;NZ_RAVZ01000746.1;NZ_RAVZ01000747.1;NZ_RAVZ01000748.1;NZ_RAVZ01000749.1;NZ_RAVZ01000074.1;NZ_RAVZ01000750.1;NZ_RAVZ01000751.1;NZ_RAVZ01000752.1;NZ_RAVZ01000753.1;NZ_RAVZ01000754.1;NZ_RAVZ01000755.1;NZ_RAVZ01000756.1;NZ_RAVZ01000757.1;NZ_RAVZ01000758.1;NZ_RAVZ01000759.1;NZ_RAVZ01000075.1;NZ_RAVZ01000760.1;NZ_RAVZ01000761.1;NZ_RAVZ01000762.1;NZ_RAVZ01000763.1;NZ_RAVZ01000764.1;NZ_RAVZ01000765.1;NZ_RAVZ01000766.1;NZ_RAVZ01000767.1;NZ_RAVZ01000768.1;NZ_RAVZ01000769.1;NZ_RAVZ01000076.1;NZ_RAVZ01000770.1;NZ_RAVZ01000771.1;NZ_RAVZ01000772.1;NZ_RAVZ01000773.1;NZ_RAVZ01000774.1;NZ_RAVZ01000775.1;NZ_RAVZ01000776.1;NZ_RAVZ01000777.1;NZ_RAVZ01000778.1;NZ_RAVZ01000779.1;NZ_RAVZ01000077.1;NZ_RAVZ01000780.1;NZ_RAVZ01000781.1;NZ_RAVZ01000782.1;NZ_RAVZ01000783.1;NZ_RAVZ01000784.1;NZ_RAVZ01000785.1;NZ_RAVZ01000786.1;NZ_RAVZ01000787.1;NZ_RAVZ01000788.1;NZ_RAVZ01000789.1;NZ_RAVZ01000078.1;NZ_RAVZ01000790.1;NZ_RAVZ01000791.1;NZ_RAVZ01000792.1;NZ_RAVZ01000793.1;NZ_RAVZ01000794.1;NZ_RAVZ01000795.1;NZ_RAVZ01000796.1;NZ_RAVZ01000797.1;NZ_RAVZ01000798.1;NZ_RAVZ01000799.1;NZ_RAVZ01000079.1;NZ_RAVZ01000007.1;NZ_RAVZ01000800.1;NZ_RAVZ01000801.1;NZ_RAVZ01000802.1;NZ_RAVZ01000803.1;NZ_RAVZ01000804.1;NZ_RAVZ01000805.1;NZ_RAVZ01000806.1;NZ_RAVZ01000807.1;NZ_RAVZ01000808.1;NZ_RAVZ01000809.1;NZ_RAVZ01000080.1;NZ_RAVZ01000810.1;NZ_RAVZ01000811.1;NZ_RAVZ01000812.1;NZ_RAVZ01000813.1;NZ_RAVZ01000814.1;NZ_RAVZ01000815.1;NZ_RAVZ01000816.1;NZ_RAVZ01000817.1;NZ_RAVZ01000818.1;NZ_RAVZ01000819.1;NZ_RAVZ01000081.1;NZ_RAVZ01000820.1;NZ_RAVZ01000821.1;NZ_RAVZ01000822.1;NZ_RAVZ01000823.1;NZ_RAVZ01000824.1;NZ_RAVZ01000825.1;NZ_RAVZ01000826.1;NZ_RAVZ01000827.1;NZ_RAVZ01000828.1;NZ_RAVZ01000829.1;NZ_RAVZ01000082.1;NZ_RAVZ01000830.1;NZ_RAVZ01000831.1;NZ_RAVZ01000832.1;NZ_RAVZ01000833.1;NZ_RAVZ01000834.1;NZ_RAVZ01000835.1;NZ_RAVZ01000836.1;NZ_RAVZ01000837.1;NZ_RAVZ01000838.1;NZ_RAVZ01000839.1;NZ_RAVZ01000083.1;NZ_RAVZ01000840.1;NZ_RAVZ01000841.1;NZ_RAVZ01000842.1;NZ_RAVZ01000843.1;NZ_RAVZ01000844.1;NZ_RAVZ01000845.1;NZ_RAVZ01000846.1;NZ_RAVZ01000847.1;NZ_RAVZ01000848.1;NZ_RAVZ01000849.1;NZ_RAVZ01000084.1;NZ_RAVZ01000850.1;NZ_RAVZ01000851.1;NZ_RAVZ01000852.1;NZ_RAVZ01000853.1;NZ_RAVZ01000854.1;NZ_RAVZ01000855.1;NZ_RAVZ01000856.1;NZ_RAVZ01000857.1;NZ_RAVZ01000858.1;NZ_RAVZ01000859.1;NZ_RAVZ01000085.1;NZ_RAVZ01000860.1;NZ_RAVZ01000861.1;NZ_RAVZ01000862.1;NZ_RAVZ01000863.1;NZ_RAVZ01000086.1;NZ_RAVZ01000087.1;NZ_RAVZ01000088.1;NZ_RAVZ01000089.1;NZ_RAVZ01000008.1;NZ_RAVZ01000090.1;NZ_RAVZ01000091.1;NZ_RAVZ01000092.1;NZ_RAVZ01000093.1;NZ_RAVZ01000094.1;NZ_RAVZ01000095.1;NZ_RAVZ01000096.1;NZ_RAVZ01000097.1;NZ_RAVZ01000098.1;NZ_RAVZ01000099.1;NZ_RAVZ01000009.1",FALSE,FALSE,FALSE,TRUE,"ASM361163v1","Corallococcus terminator","Contig",24469,863,"Myxococcaceae",99.06,1.98,2316733,"cellular organisms","Bacteria",NA,"Myxococcota","Myxococcia","Myxococcales","Cystobacterineae","Myxococcaceae","Corallococcus;Corallococcus terminator"
"19","GCF_900169565.1","NZ_LT828648.1",TRUE,FALSE,FALSE,FALSE,"NSJP_Ch1","Nitrospira japonica","Complete Genome",4084817,1,"Nitrospiraceae",90.51,8.11,1325564,"cellular organisms","Bacteria",NA,"Nitrospirota","Nitrospiria","Nitrospirales","Nitrospiraceae","Nitrospira","Nitrospira japonica"
"20","GCF_015356815.2","NZ_CP075585.1;NZ_CP075586.1",FALSE,FALSE,FALSE,FALSE,"ASM1535681v2","Candidatus Rhabdochlamydia porcellionis","Complete Genome",1492183,2,"Chlamydiia",89.79,1.86,225148,"cellular organisms","Bacteria",NA,"PVC group","Chlamydiota","Chlamydiia","Parachlamydiales","Rhabdochlamydiaceae","Candidatus Rhabdochlamydia;Candidatus Rhabdochlamydia porcellionis"
"21","GCF_038400315.1","NZ_CP151667.1;NZ_CP151668.1;NZ_CP151669.1;NZ_CP151670.1;NZ_CP151671.1",TRUE,FALSE,FALSE,FALSE,"ASM3840031v1","Kueselia aquadivae","Complete Genome",6996328,5,"Planctomycetia",98.37,1.95,3139350,NA,NA,"Bacteria","Planctomycetota","Planctomycetia","Isosphaerales","Isosphaeraceae","Kueselia","Kueselia aquadivae"
"22","GCF_008153345.1","NZ_CP042818.1",FALSE,FALSE,FALSE,FALSE,"ASM815334v1","Treponema phagedenis","Complete Genome",3372116,1,"Treponema",99.42,0.58,162,"cellular organisms","Bacteria",NA,"Spirochaetota","Spirochaetia","Spirochaetales","Treponemataceae","Treponema","Treponema phagedenis"
"23","GCF_000526375.1","NZ_JAFY01000001.1;NZ_JAFY01000002.1;NZ_JAFY01000003.1;NZ_JAFY01000004.1;NZ_JAFY01000005.1;NZ_JAFY01000006.1;NZ_JAFY01000007.1",FALSE,FALSE,FALSE,FALSE,"ASM52637v1","Aminiphilus circumscriptus DSM 16581","Contig",1023183,7,"Synergistales",99.06,3.5,1304874,"cellular organisms","Bacteria",NA,"Synergistota","Synergistia","Synergistales","Aminiphilaceae","Aminiphilus","Aminiphilus circumscriptus;Aminiphilus circumscriptus DSM 16581"
"24","GCF_000828675.1","NZ_AP014510.1",FALSE,FALSE,FALSE,FALSE,"ASM82867v1","Thermotoga profunda AZM34c06","Complete Genome",2187612,1,"Thermotoga",97.04,1.08,1408160,"cellular organisms","Bacteria",NA,"Thermotogota","Thermotogae","Thermotogales","Thermotogaceae","Thermotoga","Thermotoga profunda;Thermotoga profunda AZM34c06"
"25","GCF_033878955.1","NZ_CP138858.1",TRUE,FALSE,FALSE,TRUE,"ASM3387895v1","Coraliomargarita algicola","Complete Genome",5384071,1,"Opitutae",95.19,5.11,3092156,NA,NA,"Bacteria","Verrucomicrobiota","Opitutia","Puniceicoccales","Coraliomargaritaceae","Coraliomargarita","Coraliomargarita algicola"
